[{
        "inputs": [],
        "name": "getBalance",
        "outputs": [{
            "internalType": "uint256",
            "name": "",
            "type": "uint256"
        }],
        "stateMutability": "view",
        "type": "function"
    },
    {
        "inputs": [],
        "name": "getMainContract",
        "outputs": [{
            "internalType": "address",
            "name": "",
            "type": "address"
        }],
        "stateMutability": "view",
        "type": "function"
    },
    {
        "inputs": [],
        "name": "initiate",
        "outputs": [],
        "stateMutability": "nonpayable",
        "type": "function"
    }
]